user_email,between_type,within_type,secondary_type,min_acousticness,target_acousticness,max_acousticness,min_danceability,target_danceability,max_danceability,min_energy,target_energy,max_energy,min_instrumentalness,target_instrumentalness,max_instrumentalness,min_key,target_key,max_key,min_liveness,target_liveness,max_liveness,min_tempo,target_tempo,max_tempo,min_valence,target_valence,max_valence
mindyling.c@gmail.com,1,2,3,0.42000000000000004,0.63,0.84,0.45999999999999996,0.57,0.6799999999999999,0.24,0.37,0.5,0.0,0.04,0.21000000000000002,0,4,7,0.08000000000000002,0.14,0.2,90.67,118.05,145.43,0.15,0.3,0.44999999999999996
koctober1012@gmail.com,1,2,0,0.10999999999999999,0.41,0.71,0.47,0.57,0.6699999999999999,0.43999999999999995,0.61,0.78,0.0,0.02,0.13999999999999999,1,5,10,0.04000000000000001,0.16,0.28,101.53,123.99,146.45,0.21,0.43,0.65
amberhong0915@gmail.com,1,1,1,0.0,0.1,0.2,0.63,0.73,0.83,0.56,0.66,0.76,0.0,0.0,0.01,1,5,8,0.06,0.16,0.26,97.57000000000001,123.98,150.39000000000001,0.37,0.54,0.7100000000000001
a71643289@gmail.com,1,1,2,0.0,0.19,0.46,0.5,0.61,0.72,0.45999999999999996,0.62,0.78,0.0,0.0,0.02,1,5,8,0.07999999999999999,0.18,0.28,92.11000000000001,121.4,150.69,0.22999999999999998,0.43,0.63
